<?xml version="1.0" encoding="UTF-8" standalone="no"?>
<!-- Generated 21/05/2020 12:07:31 PM by Hibernate Tools 5.4.7.Final --><!DOCTYPE hibernate-mapping PUBLIC "-//Hibernate/Hibernate Mapping DTD 3.0//EN" "http://www.hibernate.org/dtd/hibernate-mapping-3.0.dtd">
<hibernate-mapping auto-import="true" default-access="property" default-cascade="none" default-lazy="true">
    <class dynamic-insert="false" dynamic-update="false" mutable="true" name="co.edu.campuss.sd.modelo.Banco" optimistic-lock="version" polymorphism="implicit" schema="public" select-before-update="false" table="banco">
        <id name="idBanco" type="string">
            <column length="50" name="id_banco"/>
            <generator class="assigned"/>
        </id>
        <property generated="never" lazy="false" name="idGiro" optimistic-lock="true" type="string" unique="false">
            <column length="50" name="id_giro"/>
        </property>
        <property generated="never" lazy="false" name="idOrigen" optimistic-lock="true" type="string" unique="false">
            <column length="3" name="id_origen"/>
        </property>
        <property generated="never" lazy="false" name="idDestino" optimistic-lock="true" type="string" unique="false">
            <column length="3" name="id_destino"/>
        </property>
        <property generated="never" lazy="false" name="nombreBanco" optimistic-lock="true" type="string" unique="false">
            <column length="50" name="nombre_banco"/>
        </property>
        <property generated="never" lazy="false" name="idCliente" optimistic-lock="true" type="string" unique="false">
            <column length="50" name="id_cliente"/>
        </property>
        <set embed-xml="true" fetch="select" inverse="true" lazy="true" mutable="true" name="clientes" optimistic-lock="true" sort="unsorted" table="cliente">
            <key on-delete="noaction">
                <column length="50" name="id_banco"/>
            </key>
            <one-to-many class="co.edu.campuss.sd.modelo.Cliente" embed-xml="true" not-found="exception"/>
        </set>
    </class>
</hibernate-mapping>
