<?xml version="1.0" encoding="UTF-8" standalone="no"?>
<!-- Generated 21/05/2020 12:07:31 PM by Hibernate Tools 5.4.7.Final --><!DOCTYPE hibernate-mapping PUBLIC "-//Hibernate/Hibernate Mapping DTD 3.0//EN" "http://www.hibernate.org/dtd/hibernate-mapping-3.0.dtd">
<hibernate-mapping auto-import="true" default-access="property" default-cascade="none" default-lazy="true">
    <class dynamic-insert="false" dynamic-update="false" mutable="true" name="co.edu.campuss.sd.modelo.Cliente" optimistic-lock="version" polymorphism="implicit" schema="public" select-before-update="false" table="cliente">
        <id name="idCliente" type="string">
            <column length="50" name="id_cliente"/>
            <generator class="foreign">
                <param name="property">tipoCliente</param>
            </generator>
        </id>
        <many-to-one class="co.edu.campuss.sd.modelo.Banco" embed-xml="true" fetch="select" insert="true" name="banco" not-found="exception" optimistic-lock="true" unique="false" update="true">
            <column length="50" name="id_banco"/>
        </many-to-one>
        <many-to-one class="co.edu.campuss.sd.modelo.Cuenta" embed-xml="true" fetch="select" insert="true" name="cuenta" not-found="exception" optimistic-lock="true" unique="false" update="true">
            <column length="50" name="id_cuenta"/>
        </many-to-one>
        <one-to-one class="co.edu.campuss.sd.modelo.TipoCliente" constrained="true" embed-xml="true" name="tipoCliente"/>
        <one-to-one class="co.edu.campuss.sd.modelo.TipoDocumento" constrained="true" embed-xml="true" name="tipoDocumento"/>
        <property generated="never" lazy="false" name="claveCuenta" optimistic-lock="true" type="string" unique="false">
            <column length="50" name="clave_cuenta"/>
        </property>
        <property generated="never" lazy="false" name="nombreCliente" optimistic-lock="true" type="string" unique="false">
            <column length="50" name="nombre_cliente"/>
        </property>
        <property generated="never" lazy="false" name="apellidoCliente" optimistic-lock="true" type="string" unique="false">
            <column length="50" name="apellido_cliente"/>
        </property>
        <property generated="never" lazy="false" name="direccionCliente" optimistic-lock="true" type="string" unique="false">
            <column length="50" name="direccion_cliente"/>
        </property>
        <property generated="never" lazy="false" name="razonSocialCliente" optimistic-lock="true" type="string" unique="false">
            <column length="50" name="razon_social_cliente"/>
        </property>
        <property generated="never" lazy="false" name="estadoCivilCliente" optimistic-lock="true" type="string" unique="false">
            <column length="50" name="estado_civil_cliente"/>
        </property>
        <property generated="never" lazy="false" name="emailCliente" optimistic-lock="true" type="string" unique="false">
            <column length="50" name="email_cliente"/>
        </property>
        <property generated="never" lazy="false" name="sexo" optimistic-lock="true" type="string" unique="false">
            <column length="50" name="sexo"/>
        </property>
    </class>
</hibernate-mapping>
