<?xml version="1.0" encoding="UTF-8" standalone="no"?>
<!-- Generated 21/05/2020 12:07:31 PM by Hibernate Tools 5.4.7.Final --><!DOCTYPE hibernate-mapping PUBLIC "-//Hibernate/Hibernate Mapping DTD 3.0//EN" "http://www.hibernate.org/dtd/hibernate-mapping-3.0.dtd">
<hibernate-mapping auto-import="true" default-access="property" default-cascade="none" default-lazy="true">
    <class dynamic-insert="false" dynamic-update="false" mutable="true" name="co.edu.campuss.sd.modelo.Cuenta" optimistic-lock="version" polymorphism="implicit" schema="public" select-before-update="false" table="cuenta">
        <id name="idCuenta" type="string">
            <column length="50" name="id_cuenta"/>
            <generator class="assigned"/>
        </id>
        <many-to-one class="co.edu.campuss.sd.modelo.TipoCuenta" embed-xml="true" fetch="select" insert="true" name="tipoCuenta" not-found="exception" optimistic-lock="true" unique="false" update="true">
            <column length="50" name="id_tipo_cuenta"/>
        </many-to-one>
        <property generated="never" lazy="false" name="idCliente" optimistic-lock="true" type="string" unique="false">
            <column length="50" name="id_cliente"/>
        </property>
        <property generated="never" lazy="false" name="nombreCuenta" optimistic-lock="true" type="string" unique="false">
            <column length="50" name="nombre_cuenta"/>
        </property>
        <set embed-xml="true" fetch="select" inverse="true" lazy="true" mutable="true" name="transaccions" optimistic-lock="true" sort="unsorted" table="transaccion">
            <key on-delete="noaction">
                <column length="50" name="id_cuenta"/>
            </key>
            <one-to-many class="co.edu.campuss.sd.modelo.Transaccion" embed-xml="true" not-found="exception"/>
        </set>
        <set embed-xml="true" fetch="select" inverse="true" lazy="true" mutable="true" name="clientes" optimistic-lock="true" sort="unsorted" table="cliente">
            <key on-delete="noaction">
                <column length="50" name="id_cuenta"/>
            </key>
            <one-to-many class="co.edu.campuss.sd.modelo.Cliente" embed-xml="true" not-found="exception"/>
        </set>
    </class>
</hibernate-mapping>
