<?xml version="1.0" encoding="UTF-8" standalone="no"?>
<!-- Generated 21/05/2020 12:07:31 PM by Hibernate Tools 5.4.7.Final --><!DOCTYPE hibernate-mapping PUBLIC "-//Hibernate/Hibernate Mapping DTD 3.0//EN" "http://www.hibernate.org/dtd/hibernate-mapping-3.0.dtd">
<hibernate-mapping auto-import="true" default-access="property" default-cascade="none" default-lazy="true">
    <class dynamic-insert="false" dynamic-update="false" mutable="true" name="co.edu.campuss.sd.modelo.TipoCliente" optimistic-lock="version" polymorphism="implicit" schema="public" select-before-update="false" table="tipo_cliente">
        <id name="idTipoCliente" type="string">
            <column length="50" name="id_tipo_cliente"/>
            <generator class="assigned"/>
        </id>
        <property generated="never" lazy="false" name="razonSocialCliente" optimistic-lock="true" type="string" unique="false">
            <column length="50" name="razon_social_cliente"/>
        </property>
        <property generated="never" lazy="false" name="idCliente" optimistic-lock="true" type="string" unique="false">
            <column length="50" name="id_cliente"/>
        </property>
        <one-to-one class="co.edu.campuss.sd.modelo.Cliente" constrained="false" embed-xml="true" name="cliente"/>
    </class>
</hibernate-mapping>
