<?xml version="1.0" encoding="UTF-8" standalone="no"?>
<!-- Generated 21/05/2020 12:07:31 PM by Hibernate Tools 5.4.7.Final --><!DOCTYPE hibernate-mapping PUBLIC "-//Hibernate/Hibernate Mapping DTD 3.0//EN" "http://www.hibernate.org/dtd/hibernate-mapping-3.0.dtd">
<hibernate-mapping auto-import="true" default-access="property" default-cascade="none" default-lazy="true">
    <class dynamic-insert="false" dynamic-update="false" mutable="true" name="co.edu.campuss.sd.modelo.TipoTransaccion" optimistic-lock="version" polymorphism="implicit" schema="public" select-before-update="false" table="tipo_transaccion">
        <id name="idTipoTransaccion" type="string">
            <column length="50" name="id_tipo_transaccion"/>
            <generator class="assigned"/>
        </id>
        <property generated="never" lazy="false" name="detalles" optimistic-lock="true" type="string" unique="false">
            <column length="50" name="detalles"/>
        </property>
        <property generated="never" lazy="false" name="idTransaccion" optimistic-lock="true" type="string" unique="false">
            <column length="50" name="id_transaccion"/>
        </property>
        <set embed-xml="true" fetch="select" inverse="true" lazy="true" mutable="true" name="transaccions" optimistic-lock="true" sort="unsorted" table="transaccion">
            <key on-delete="noaction">
                <column length="50" name="id_tipo_transaccion"/>
            </key>
            <one-to-many class="co.edu.campuss.sd.modelo.Transaccion" embed-xml="true" not-found="exception"/>
        </set>
    </class>
</hibernate-mapping>
