<?xml version="1.0" encoding="UTF-8" standalone="no"?>
<!-- Generated 21/05/2020 12:07:31 PM by Hibernate Tools 5.4.7.Final --><!DOCTYPE hibernate-mapping PUBLIC "-//Hibernate/Hibernate Mapping DTD 3.0//EN" "http://www.hibernate.org/dtd/hibernate-mapping-3.0.dtd">
<hibernate-mapping auto-import="true" default-access="property" default-cascade="none" default-lazy="true">
    <class dynamic-insert="false" dynamic-update="false" mutable="true" name="co.edu.campuss.sd.modelo.Transaccion" optimistic-lock="version" polymorphism="implicit" schema="public" select-before-update="false" table="transaccion">
        <id name="idTransaccion" type="string">
            <column length="50" name="id_transaccion"/>
            <generator class="assigned"/>
        </id>
        <many-to-one class="co.edu.campuss.sd.modelo.Cuenta" embed-xml="true" fetch="select" insert="true" name="cuenta" not-found="exception" optimistic-lock="true" unique="false" update="true">
            <column length="50" name="id_cuenta"/>
        </many-to-one>
        <many-to-one class="co.edu.campuss.sd.modelo.TipoTransaccion" embed-xml="true" fetch="select" insert="true" name="tipoTransaccion" not-found="exception" optimistic-lock="true" unique="false" update="true">
            <column length="50" name="id_tipo_transaccion"/>
        </many-to-one>
        <property generated="never" lazy="false" name="monto" optimistic-lock="true" type="java.lang.Integer" unique="false">
            <column name="monto"/>
        </property>
        <property generated="never" lazy="false" name="idDestinatario" optimistic-lock="true" type="string" unique="false">
            <column length="50" name="id_destinatario"/>
        </property>
        <property generated="never" lazy="false" name="idOrigen" optimistic-lock="true" type="string" unique="false">
            <column length="50" name="id_origen"/>
        </property>
        <property generated="never" lazy="false" name="fechaInicio" optimistic-lock="true" type="timestamp" unique="false">
            <column length="35" name="fecha_inicio"/>
        </property>
        <property generated="never" lazy="false" name="idGiro" optimistic-lock="true" type="string" unique="false">
            <column length="50" name="id_giro"/>
        </property>
        <property generated="never" lazy="false" name="comisionBanco" optimistic-lock="true" type="java.lang.Double" unique="false">
            <column name="comision_banco" precision="17" scale="17"/>
        </property>
        <property generated="never" lazy="false" name="comisionGiro" optimistic-lock="true" type="java.lang.Double" unique="false">
            <column name="comision_giro" precision="17" scale="17"/>
        </property>
    </class>
</hibernate-mapping>
